1,栈，先进后出的数据结构 
2,CCF CSP-J 2022 第二轮认证试题解析 
3,Nginx简明教程 
4,Docker轻量级虚拟化，镜像和容器 
5,青岛大学开源OJ在线测评环境搭建 
6,Nodejs后端运行和javascript刷题 
7,莫比乌斯反演 
8,Python OpenCV简介和图像灰度处理 
9,什么是C++编程 
10,C++变量，存储数据的容器 
11,C++输入输出流 
12,Dev C++安装配置 
13,计算机基础知识 
14,C++标准数据类型 
15,C++设置域宽、保留小数位数和cmath数学库 
16,C++语法阶段课程总结 2022.11.24 
17
18,Linux简介和云服务器配置 
19,Linux命令行操作 
20,Vim编辑器之神 
21,tmux终端复用器 
22,Linux用户和用户组 
23,Numpy简介和数据类型 
24,Numpy数组属性和数组创建 
25,SSH远程登录 
26,Linux文件权限设置 
27,Ubuntu软件安装和卸载 
28,Opencv图像二值化处理 
29,C++格式化输入输出 
30,C++语法系列 
31,趣学C++编程 
32,Shell脚本和变量 
33,Numpy切片、索引 广播和迭代 
34,Opencv图像降噪 
35,Python Opencv绘制图形和文字 
36,Python opencv 人脸识别 
37,Opencv调取摄像头拍照和从多媒体文件读取视频帧 
38,Shell test命令和条件判断 
39,Shell循环结构 
40,Shell函数 
41,Shell正则表达式 
42,Shell三剑客之sed 
43,Linux深入浅出 
44,Shell三剑客之awk 
45,计算机网络发展史和网络拓扑结构 
46,什么是计算机网络OSI模型和TCP/IP模型？ 
47,计算机网络奈奎斯特定理和香农定理 
48,计算机网络IP地址和子网掩码 
49,计算机网络TCP/UDP协议，三次握手原理 
50,计算机网络应用层体系结构 
51,防火墙是什么墙？ 
52,什么是计划任务？让计算机定时执行特定任务 
53,Linux操作系统进程管理 
54,通过Github，免费搭建自己的博客项目 
55,Github全球最大的程序员交友网站 
56,git版本创建与回退 
57,git分支管理，平行宇宙中的代码合并 
58,一文详解HTML和CSS 
59,Javascript基础入门 
60,Javascript在线刷题输入输出模板 
61,音乐项目-人脸识别登录 
62,JavaScript点击按钮控制图片切换 
63,Docker搭建仓库和数据卷管理 
64,Javascript获取className属性和slice切片 
65,Javascript定时器 
66,DOSBox配置8086CPU汇编语言开发环境 
67,Javascript对象和选项卡 
68,Javascript轮播图 
69,Javascript正则表达式 
70,Javascript鼠标事件和拖拽原理 
71,什么是网络爬虫？自动采集互联网信息 
72,最人性化的Python网络爬虫模块requests 
73,javascript函数和面向对象编程 
74,Javascript DOM树结构 
75,querySelector元素选择器和addEventListener事件监听 
76,javascript jQuery库 
77,Python网络爬虫，BeautifulSoup获取民谣音乐数据 
